Arpabet,Normalized,IPA,Type,Phone Sets,Lexical Set,Example,Example Transcription,Comments
,,,,,,,,American English arpabet phone table
,,,,,,,,
,,,,,,,,Copyright (C) 2015 Reece H. Dunn
,,,,,,,,
,,,,,,,,This file is part of cmudict-tools.
,,,,,,,,
,,,,,,,,cmudict-tools is free software: you can redistribute it and/or modify
,,,,,,,,it under the terms of the GNU General Public License as published by
,,,,,,,,"the Free Software Foundation, either version 3 of the License, or"
,,,,,,,,(at your option) any later version.
,,,,,,,,
,,,,,,,,"cmudict-tools is distributed in the hope that it will be useful,"
,,,,,,,,but WITHOUT ANY WARRANTY; without even the implied warranty of
,,,,,,,,MERCHANTABILITY or FITNESS FOR A PARTICULAR PURPOSE.  See the
,,,,,,,,GNU General Public License for more details.
,,,,,,,,
,,,,,,,,You should have received a copy of the GNU General Public License
,,,,,,,,"along with cmudict-tools.  If not, see <http://www.gnu.org/licenses/>."
-,,.,syllable,arpabet;ipa,,,,Syllable break
AA,,ɑ,vowel,arpabet;ipa;cmu;festvox;cepstral;timit,PALM,odd,AA1 D,
AE,,æ,vowel,arpabet;ipa;cmu;festvox;cepstral;timit,TRAP,at,AE1 T,
AH,,ʌ,vowel,arpabet;ipa;cmu;festvox;cepstral;timit,STRUT,hut,HH AH1 T,
AO,,ɔ,vowel,arpabet;ipa;cmu;festvox;cepstral;timit,THOUGHT,ought,AO1 T,
AW,,aʊ̯,vowel,arpabet;ipa;cmu;festvox;cepstral;timit,MOUTH,cow,K AW1,
AX,,ə,schwa,arpabet;ipa;festvox;timit,COMMA,ago,AX G OW1,
AXR,,ɚ,schwa,arpabet;ipa;festvox;timit,LETTER,bigger,B IH1 G AXR,
AY,,aɪ̯,vowel,arpabet;ipa;cmu;festvox;cepstral;timit,PRICE,hide,HH AY1 D,
B,,b,stop,arpabet;ipa;cmu;festvox;cepstral;timit,,be,B IY1,
BCL,,b̚,stop,timit,,be,BCL B IY1,Unreleased B
CH,,t͡ʃ,affricate,arpabet;ipa;cmu;festvox;cepstral;timit,,cheese,CH IY1 Z,
D,,d,stop,arpabet;ipa;cmu;festvox;cepstral;timit,,dee,D IY1,
DCL,,d̚,stop,timit,,dee,DCL D IY1,Unreleased D
DH,,ð,fricative,arpabet;ipa;cmu;festvox;cepstral;timit,,thee,DH IY1,
DX,,ɾ,stop,arpabet;ipa;timit,,button;en-US-x-timit,B AH1 DX AH0 N,Tapped D
EA,,ɛ,vowel,arpabet;ipa,SQUARE,pair,P EA1 R,
EH,,ɛ,vowel,arpabet;ipa;cmu;festvox;cepstral;timit,DRESS,Ed,EH1 D,
EL,,l̩,liquid;syllabic,arpabet;ipa;timit,,bottle,B AO1 T EL,Syllabic L
EM,,m̩,nasal;syllabic,arpabet;ipa;timit,,rhythmn,R IH1 DH EM,Syllabic M
EN,,n̩,nasal;syllabic,arpabet;ipa;timit,,button,B UH1 T EN,Syllabic N
ENG,,ŋ̍,nasal;syllabic,arpabet;ipa;timit,,washington,W AO1 SH ENG T AH0 N,Syllabic NG
ER,,ɝ,vowel,arpabet;ipa;cmu;festvox;cepstral;timit,NURSE,hurt,HH ER1 T,
EY,,eɪ̯,vowel,arpabet;ipa;cmu;festvox;cepstral;timit,FACE,ate,EY1 T,
F,,f,fricative,arpabet;ipa;cmu;festvox;cepstral;timit,,fee,F IY1,
G,,ɡ,stop,arpabet;ipa;cmu;festvox;cepstral;timit,,green,G R IY1 N,
GCL,,ɡ̚,stop,timit,,green,GCL G R IY1 N,Unreleased G
H,HH,,aspirate,cepstral,,he,H IY1,
HH,,h,aspirate,arpabet;ipa;cmu;festvox;timit,,he,HH IY1,
HV,,ɦ,aspirate,arpabet;ipa;timit,,ahead,AX HV EH1 D,Voiced HH
HW,,ʍ,semivowel,arpabet;ipa,WHINE,when,HW EH1 N,Voiceless W
I,IY,,vowel,cepstral,FLEECE,eat,I1 T,
IA,,i,vowel,arpabet;ipa,NEAR,peer,P IA1 R,
IH,,ɪ,vowel,arpabet;ipa;cmu;festvox;cepstral;timit,KIT,it,IH1 T,
IX,,ɨ,schwa,arpabet;ipa;timit,,debted,D EH1 T IX0 D,
IY,,i,vowel,arpabet;ipa;cmu;festvox;timit,FLEECE,eat,IY1 T,
J,Y,,semivowel,cepstral,,yield,J IY1 L D,
JH,,d͡ʒ,affricate,arpabet;ipa;cmu;festvox;cepstral;timit,,gee,JH IY1,
K,,k,stop,arpabet;ipa;cmu;festvox;cepstral;timit,,key,K IY1,
KCL,,k̚,stop,timit,,key,KCL K IY1,Unreleased K
L,,l,liquid,arpabet;ipa;cmu;festvox;cepstral;timit,,lee,L IY1,
M,,m,nasal,arpabet;ipa;cmu;festvox;cepstral;timit,,me,M IY1,
N,,n,nasal,arpabet;ipa;cmu;festvox;cepstral;timit,,knee,N IY1,
NG,,ŋ,nasal,arpabet;ipa;cmu;festvox;cepstral;timit,,ping,P IH1 NG,
NX,,ɾ̃,nasal,arpabet;ipa;timit,,winter,W IH1 NX AXR,tapped N
OA,,oʊ̯,vowel,arpabet;ipa,FORCE,hoarse,H OA1 R S,
OW,,oʊ̯,vowel,arpabet;ipa;cmu;festvox;cepstral;timit,GOAT,oat,OW1 T,
OY,,ɔɪ̯,vowel,arpabet;ipa;cmu;festvox;cepstral;timit,CHOICE,toy,T OY1,
P,,p,stop,arpabet;ipa;cmu;festvox;cepstral;timit,,pee,P IY1,
PCL,,p̚,stop,timit,,pee,PCL P IY1,Unreleased P
Q,,ʔ,stop,arpabet;ipa;timit,,uh-oh,Q AH2 Q OW1,
R,,ɹ,liquid,arpabet;ipa;cmu;festvox;cepstral;timit,,reed,R IY1 D,
S,,s,fricative,arpabet;ipa;cmu;festvox;cepstral;timit,,sea,S IY1,
SH,,ʃ,fricative,arpabet;ipa;cmu;festvox;cepstral;timit,,she,SH IY1,
T,,t,stop,arpabet;ipa;cmu;festvox;cepstral;timit,,tea,T IY1,
TCL,,t̚,stop,timit,,tea,TCL T IY1,Unreleased T
TH,,θ,fricative,arpabet;ipa;cmu;festvox;cepstral;timit,,theta,TH EY1 T AH0,
UA,,ʊ,vowel,arpabet;ipa,CURE,poor,P UA1 R,
UH,,ʊ,vowel,arpabet;ipa;cmu;festvox;cepstral;timit,FOOT,hood,HH UH1 D,
UW,,u,vowel,arpabet;ipa;cmu;festvox;cepstral;timit,GOOSE,two,T UW1,
UX,,ʉ,vowel,arpabet;ipa;timit,,toot,T UX1 T,
V,,v,fricative,arpabet;ipa;cmu;festvox;cepstral;timit,,vee,V IY1,
W,,w,semivowel,arpabet;ipa;cmu;festvox;cepstral;timit,WINE,we,W IY1,
X,,x,fricative,arpabet;ipa,,loch,L AA1 X,
Y,,j,semivowel,arpabet;ipa;cmu;timit,,yield,Y IY1 L D,
Z,,z,fricative,arpabet;ipa;cmu;festvox;cepstral;timit,,zee,Z IY1,
ZH,,ʒ,fricative,arpabet;ipa;cmu;festvox;cepstral;timit,,seizure,S IY1 ZH ER0,
